frame,time_s,cx,cy,theta_rad,theta_fit_rad,residual_rad,omega_est_rad_s,omega_fit_rad_s
0,0.000000000,487.439850,202.406642,0.350835169,0.350112569,0.000722600,1.797795009,1.704923219
1,0.033333333,484.223253,193.700680,0.410293744,0.407322566,0.002971179,1.801271721,1.727491877
2,0.066666667,480.439024,185.577236,0.467674214,0.465266008,0.002408206,1.806717942,1.748918908
3,0.100000000,476.108586,177.214646,0.527919874,0.523903753,0.004016121,1.813133685,1.769139510
4,0.133333333,470.998141,169.430607,0.587490994,0.583194557,0.004296438,1.818819498,1.788092531
5,0.166666667,465.708333,162.172348,0.645020499,0.643095199,0.001925300,1.823360078,1.805720650
6,0.200000000,459.715723,154.534591,0.707211858,0.703560618,0.003651240,1.827959610,1.821970555
7,0.233333333,453.197624,147.322076,0.769464295,0.764544042,0.004920253,1.831652029,1.836793100
8,0.266666667,446.708568,140.651657,0.828978214,0.825997132,0.002981082,1.836537064,1.850143459
9,0.300000000,439.021033,134.350542,0.892549231,0.887870131,0.004679100,1.842524628,1.861981256
10,0.333333333,431.157045,128.704531,0.954554728,0.950112010,0.004442718,1.846719018,1.872270689
11,0.366666667,423.553693,122.968343,1.015398538,1.012670626,0.002727912,1.851798654,1.880980641
12,0.400000000,415.002535,118.076679,1.078339275,1.075492875,0.002846400,1.858498699,1.888084769
13,0.433333333,406.087946,113.649446,1.141940398,1.138524860,0.003415538,1.862059702,1.893561589
14,0.466666667,396.831475,109.697026,1.206238465,1.201712048,0.004526418,1.863988810,1.897394537
15,0.500000000,387.542125,106.589744,1.268817688,1.264999434,0.003818254,1.866768043,1.899572021
16,0.533333333,378.050682,104.126706,1.331512428,1.328331713,0.003180715,1.866491636,1.900087455
17,0.566666667,368.479798,102.035985,1.394174183,1.391653444,0.002520739,1.864114877,1.898939282
18,0.600000000,359.011472,100.339069,1.455598966,1.454909217,0.000689749,1.861858083,1.896130972
19,0.633333333,348.963175,99.582857,1.519930383,1.518043822,0.001886561,1.857318652,1.891671020
20,0.666666667,339.105263,99.448622,1.582898707,1.581002415,0.001896292,1.850366774,1.885572914
21,0.700000000,329.449553,100.035760,1.644719680,1.643730685,0.000988995,1.844091354,1.877855096
22,0.733333333,319.441590,100.921713,1.708927348,1.706175016,0.002752333,1.837058413,1.868540908
23,0.766666667,309.837093,102.380952,1.770938788,1.768282652,0.002656136,1.824960847,1.857658517
24,0.800000000,300.615191,104.642185,1.831538883,1.830001856,0.001537026,1.811577742,1.845240837
25,0.833333333,291.287935,107.314677,1.893456320,1.891282065,0.002174255,1.798593216,1.831325421
26,0.866666667,282.623023,110.575585,1.952530435,1.952074042,0.000456392,1.785080304,1.815954354
27,0.900000000,274.003854,114.424534,2.012790214,2.012330030,0.000460184,1.770217774,1.799174123
28,0.933333333,265.429452,118.601356,2.073646768,2.072003889,0.001642879,1.754248103,1.781035477
29,0.966666667,257.669759,123.263451,2.131397057,2.131051243,0.000345815,1.737027844,1.761593271
30,1.000000000,249.901998,128.282147,2.190376501,2.189429608,0.000946893,1.717129307,1.740906306
31,1.033333333,242.693259,133.544836,2.247240941,2.247098526,0.000142415,1.695861897,1.719037145
32,1.066666667,236.105360,139.644486,2.304440219,2.304019683,0.000420537,1.672466152,1.696051927
33,1.100000000,229.596556,145.701722,2.361179372,2.360157025,0.001022347,1.648547793,1.672020166
34,1.133333333,223.911856,151.731844,2.414045487,2.415476872,-0.001431385,1.626178920,1.647014542
35,1.166666667,218.309160,158.547710,2.470342215,2.469948013,0.000394202,1.601678937,1.621110679
36,1.200000000,213.104798,164.916667,2.522744440,2.523541806,-0.000797366,1.575710597,1.594386918
37,1.233333333,208.611323,172.093511,2.576698101,2.576232262,0.000465839,1.552039702,1.566924080
38,1.266666667,204.299307,178.761815,2.627293394,2.627996122,-0.000702728,1.526685227,1.538805222
39,1.300000000,200.818356,185.993627,2.678427099,2.678812932,-0.000385832,1.499074527,1.510115382
40,1.333333333,197.250156,193.068168,2.728941231,2.728665100,0.000276131,1.470612762,1.480941328
41,1.366666667,194.328302,200.167925,2.777868889,2.777537953,0.000330935,1.441876546,1.451371291
42,1.400000000,192.066038,207.035220,2.823956154,2.825419780,-0.001463626,1.414277829,1.421494700
43,1.433333333,189.824794,214.087919,2.871143488,2.872301864,-0.001158377,1.387239263,1.391401911
44,1.466666667,188.098485,221.020202,2.916689560,2.918178516,-0.001488956,1.359279768,1.361183932
45,1.500000000,186.638889,228.045866,2.962438599,2.963047084,-0.000608485,1.329720134,1.330932154
46,1.533333333,185.537003,234.617125,3.004907115,3.006907967,-0.002000852,1.301023760,1.300738066
47,1.566666667,184.929988,241.204461,3.047074476,3.049764611,-0.002690135,1.273056848,1.270692984
48,1.600000000,184.379097,248.085343,3.091101756,3.091623498,-0.000521742,1.244231912,1.240887774
49,1.633333333,184.635456,254.608614,3.132694543,3.132494130,0.000200413,1.216218818,1.211412575
50,1.666666667,184.628931,260.608176,3.171053620,3.172388994,-0.001335374,1.188885316,1.182356531
51,1.700000000,184.911840,266.628057,3.209577806,3.211323533,-0.001745726,1.161898295,1.153807515
52,1.733333333,185.132335,272.438202,3.246666800,3.249316089,-0.002649289,1.136021674,1.125851867
53,1.766666667,185.924710,278.393179,3.285003320,3.286387857,-0.001384537,1.111470079,1.098574135
54,1.800000000,187.068458,284.195138,3.322751240,3.322562814,0.000188426,1.087094147,1.072056814
55,1.833333333,188.102079,289.208570,3.355465295,3.357867652,-0.002402357,1.061090436,1.046380101
56,1.866666667,189.030644,294.632270,3.390530594,3.392331692,-0.001801097,1.038584875,1.021621650
57,1.900000000,190.579657,299.644608,3.423989324,3.425986798,-0.001997474,1.018767847,0.997856339
58,1.933333333,192.388998,304.612312,3.457732805,3.458867282,-0.001134478,0.995037164,0.975156039
59,1.966666667,193.693558,309.202627,3.488183367,3.491009798,-0.002826431,0.972198754,0.953589406
60,2.000000000,195.515990,313.880689,3.520243471,3.522453232,-0.002209761,0.954445294,0.933221661
61,2.033333333,197.242938,318.476460,3.551564302,3.553238583,-0.001674280,0.937114300,0.914114404
62,2.066666667,199.364093,322.733208,3.581903431,3.583408841,-0.001505410,0.921715085,0.896325421
63,2.100000000,201.436183,326.675960,3.610351955,3.613008857,-0.002656902,0.906109978,0.879908510
64,2.133333333,203.617168,330.912281,3.640805797,3.642085207,-0.001279410,0.888109485,0.864913322
65,2.166666667,205.791119,334.743590,3.668959057,3.670686048,-0.001726991,0.876804708,0.851385207
66,2.200000000,207.898024,338.358827,3.695695713,3.698860978,-0.003165265,0.867338661,0.839365078
67,2.233333333,210.363868,342.351781,3.725668826,3.726660881,-0.000992054,0.856958311,0.828889287
68,2.266666667,212.880468,345.735059,3.752587749,3.754137777,-0.001550027,0.847865206,0.819989516
69,2.300000000,215.325926,348.994444,3.778640512,3.781344661,-0.002704149,0.841137535,0.812692682
70,2.333333333,217.797753,352.537453,3.806234043,3.808335346,-0.002101303,0.836529968,0.807020851
71,2.366666667,220.391051,355.978599,3.833737531,3.835164299,-0.001426768,0.831929631,0.802991177
72,2.400000000,222.990458,358.931934,3.858853915,3.861886475,-0.003032559,0.828325387,0.800615847
73,2.433333333,226.108333,362.219872,3.887791810,3.888557152,-0.000765342,0.829006386,0.799902045
74,2.466666667,228.819837,364.960452,3.912432280,3.915231765,-0.002799485,0.830314693,0.800851929
75,2.500000000,231.714374,367.869888,3.938675559,3.941965736,-0.003290177,0.830742740,0.803462627
76,2.533333333,234.852060,371.016230,3.967067567,3.968814308,-0.001746740,0.836720892,0.807726244
77,2.566666667,238.114583,373.498775,3.993202448,3.995832377,-0.002629929,0.843056026,0.813629884
78,2.600000000,241.343396,376.420126,4.021059106,4.023074326,-0.002015220,0.849155573,0.821155693
79,2.633333333,244.452926,379.195929,4.047674311,4.050593862,-0.002919551,0.858799955,0.830280912
80,2.666666667,248.044072,381.751707,4.075834410,4.078443853,-0.002609443,0.869426397,0.840977942
81,2.700000000,251.539862,384.365348,4.103734384,4.106676165,-0.002941782,0.879441606,0.853214433
82,2.733333333,255.476278,386.646950,4.132774873,4.135341511,-0.002566638,0.893545954,0.866953377
83,2.766666667,259.015209,389.110266,4.160348402,4.164489291,-0.004140889,0.908420716,0.882153224
84,2.800000000,263.301852,391.742593,4.192515925,4.194167449,-0.001651524,0.923125343,0.898768006
85,2.833333333,267.233083,393.864662,4.221082398,4.224422323,-0.003339924,0.941598958,0.916747473
86,2.866666667,271.432826,396.177440,4.251722291,4.255298507,-0.003576217,0.959355309,0.936037250
87,2.900000000,276.089866,398.265774,4.284341728,4.286838718,-0.002496990,0.978843417,0.956579000
88,2.933333333,280.820076,400.311237,4.317301249,4.319083663,-0.001782414,0.998679336,0.978310598
89,2.966666667,285.625838,401.954906,4.349773129,4.352071916,-0.002298787,1.019580382,1.001166320
90,3.000000000,290.664842,403.620438,4.383775069,4.385839807,-0.002064738,1.042933569,1.025077045
91,3.033333333,295.715867,405.514145,4.418296441,4.420421306,-0.002124865,1.065519542,1.049970459
92,3.066666667,300.944755,406.877716,4.452893380,4.455847921,-0.002954541,1.090479423,1.075771277
93,3.100000000,306.611004,408.546385,4.490662401,4.492148607,-0.001486206,1.117303301,1.102401468
94,3.133333333,312.340810,409.468536,4.527772325,4.529349674,-0.001577349,1.141625465,1.129780497
95,3.166666667,318.045689,410.426641,4.564827245,4.567474708,-0.002647463,1.168559938,1.157825559
96,3.200000000,324.202059,411.119691,4.604519135,4.606544503,-0.002025368,1.196472552,1.186451838
97,3.233333333,330.371284,411.908286,4.644321424,4.646576994,-0.002255569,1.222338310,1.215572760
98,3.266666667,336.930262,412.134997,4.686329375,4.687587205,-0.001257830,1.250037854,1.245100254
99,3.300000000,343.136882,412.032319,4.726083249,4.729587203,-0.003503954,1.279219499,1.274945020
100,3.333333333,350.012698,412.097143,4.770062703,4.772586062,-0.002523359,1.307675412,1.305016798
101,3.366666667,356.750773,411.163884,4.813553014,4.816589835,-0.003036821,1.335273047,1.335224642
102,3.400000000,363.629769,410.589118,4.857743138,4.861601535,-0.003858397,1.365187070,1.365477195
103,3.433333333,370.912907,409.020677,4.905437310,4.907621128,-0.002183818,1.393187331,1.395682964
104,3.466666667,378.055764,407.737469,4.951910585,4.954645531,-0.002734946,1.421051968,1.425750596
105,3.500000000,385.115646,405.557205,4.999229391,5.002668622,-0.003439231,1.450839669,1.455589160
106,3.533333333,392.637492,402.927995,5.050352845,5.051681260,-0.001328415,1.478359388,1.485108412
107,3.566666667,399.622386,400.615621,5.097513417,5.101671310,-0.004157892,1.506309417,1.514219080
108,3.600000000,407.124535,397.397150,5.149824235,5.152623680,-0.002799445,1.533892013,1.542833122
109,3.633333333,414.226766,393.457249,5.201871737,5.204520371,-0.002648634,1.561009581,1.570864002
110,3.666666667,421.701529,389.501529,5.256109939,5.257340525,-0.001230585,1.587761901,1.598226945
111,3.700000000,428.402752,384.916198,5.308183836,5.311060492,-0.002876655,1.613026874,1.624839197
112,3.733333333,435.616066,380.234029,5.363269939,5.365653902,-0.002383962,1.638973963,1.650620276
113,3.766666667,442.413948,374.756238,5.419181780,5.421091741,-0.001909961,1.661839016,1.675492212
114,3.800000000,448.666667,368.725755,5.474836265,5.477342444,-0.002506179,1.683786864,1.699379783
115,3.833333333,455.053411,362.276062,5.533071216,5.534371985,-0.001300769,1.706691253,1.722210747
116,3.866666667,461.057944,355.590031,5.590703891,5.592143985,-0.001440094,1.726620286,1.743916056
117,3.900000000,466.452794,348.402697,5.648345631,5.650619818,-0.002274187,1.747688890,1.764430067
118,3.933333333,471.878961,340.603295,5.709328112,5.709758729,-0.000430617,1.767881253,1.783690739
119,3.966666667,476.791349,332.744911,5.768771506,5.769517959,-0.000746454,1.783941413,1.801639821
120,4.000000000,481.032755,324.358382,5.829054532,5.829852872,-0.000798341,1.797685128,1.818223031
121,4.033333333,484.956907,315.717997,5.889958082,5.890717093,-0.000759010,1.810918461,1.833390216
122,4.066666667,488.507219,306.737602,5.951895258,5.952062642,-0.000167384,1.825953882,1.847095505
123,4.100000000,491.375701,297.491589,6.013964442,6.013840087,0.000124355,1.838008394,1.859297450
124,4.133333333,493.417147,288.071657,6.075790628,6.075998690,-0.000208061,1.847587932,1.869959148
125,4.166666667,495.136015,278.401660,6.138858878,6.138486557,0.000372321,1.855327669,1.879048355
126,4.200000000,496.282390,268.689308,6.201648854,6.201250801,0.000398053,1.862096725,1.886537582
127,4.233333333,496.638353,258.799228,6.265201783,6.264237698,0.000964085,1.868806653,1.892404181
128,4.266666667,496.569604,248.800766,6.329428924,6.327392851,0.002036073,1.872552711,1.896630407
129,4.300000000,496.035488,238.915082,6.392942482,6.390661355,0.002281127,1.874291734,1.899203481
130,4.333333333,494.606516,229.144110,6.456271469,6.453987960,0.002283509,1.876214934,1.900115620
131,4.366666667,492.838629,219.600623,6.518469387,6.517317242,0.001152145,1.875494464,1.899364066
132,4.400000000,490.043450,210.234112,6.581110234,6.580593769,0.000516465,1.872073120,1.896951091
133,4.433333333,486.815029,200.532434,6.646678976,6.643762267,0.002916709,1.867893326,1.892883994
134,4.466666667,483.093284,191.554104,6.708984495,6.706767791,0.002216704,1.862434898,1.887175073
135,4.500000000,478.879190,182.727388,6.771656654,6.769555886,0.002100768,1.855789100,1.879841596
136,4.533333333,474.032630,174.341011,6.833709564,6.832072758,0.001636806,1.846628487,1.870905740
137,4.566666667,468.604563,166.088086,6.897000959,6.894265430,0.002735529,1.835804835,1.860394530
138,4.600000000,462.975143,158.329509,6.958377878,6.956081907,0.002295970,1.823711947,1.848339756
139,4.633333333,456.671078,150.872086,7.020869661,7.017471333,0.003398328,1.809763534,1.834777874
140,4.666666667,450.088292,144.115163,7.081238384,7.078384141,0.002854243,1.794822172,1.819749900
141,4.700000000,442.984482,137.514587,7.143288560,7.138772206,0.004516354,1.780802125,1.803301283
142,4.733333333,435.885144,131.847066,7.201416303,7.198588993,0.002827311,1.764879841,1.785481769
143,4.766666667,428.326923,126.317308,7.261339405,7.257789690,0.003549715,1.744070068,1.766345249
144,4.800000000,420.586228,121.531383,7.319570952,7.316331351,0.003239601,1.724465931,1.745949597
145,4.833333333,412.753157,116.951389,7.377592976,7.374173023,0.003419953,1.705152023,1.724356498
146,4.866666667,404.720771,112.858209,7.435161270,7.431275870,0.003885400,1.682631681,1.701631254
147,4.900000000,396.566729,109.863439,7.490626342,7.487603290,0.003023053,1.659584919,1.677842593
148,4.933333333,388.350575,106.966156,7.546351064,7.543121025,0.003230039,1.636156017,1.653062461
149,4.966666667,380.095420,104.474555,7.601476369,7.597797269,0.003679100,1.611812119,1.627365798
150,5.000000000,372.057272,102.330116,7.654563985,7.651602758,0.002961228,1.586537832,1.600830321
151,5.033333333,363.900253,100.890783,7.707401006,7.704510861,0.002890145,1.557952097,1.573536280
152,5.066666667,355.599873,100.338422,7.760462824,7.756497664,0.003965159,1.531817028,1.545566221
153,5.100000000,347.898876,99.426342,7.809948575,7.807542037,0.002406538,1.506118615,1.517004733
154,5.133333333,340.130545,99.543093,7.859538730,7.857625701,0.001913029,1.476930615,1.487938196
155,5.166666667,332.162264,99.455975,7.910377044,7.906733281,0.003643763,1.449028812,1.458454515
156,5.200000000,324.840663,100.421925,7.957476938,7.954852357,0.002624581,1.420719891,1.428642858
157,5.233333333,317.615146,100.843575,8.003573633,8.001973496,0.001600137,1.392850004,1.398593385
158,5.266666667,310.426719,102.477951,8.050555776,8.048090283,0.002465493,1.364935349,1.368396973
159,5.300000000,303.523087,103.818469,8.095441484,8.093199343,0.002242141,1.335203437,1.338144947
160,5.333333333,296.689634,105.517070,8.140343022,8.137300345,0.003042677,1.306482167,1.307928798
161,5.366666667,290.373106,107.680556,8.182917988,8.180396010,0.002521978,1.280456514,1.277839907
162,5.400000000,284.456140,109.679198,8.222741892,8.222492098,0.000249795,1.251116068,1.247969275
163,5.433333333,278.130656,112.343531,8.266506811,8.263597391,0.002909420,1.222577806,1.218407237
164,5.466666667,272.612680,114.728186,8.304814959,8.303723670,0.001091289,1.196965079,1.189243199
165,5.500000000,267.241915,117.656716,8.343798259,8.342885674,0.000912585,1.169458511,1.160565362
166,5.533333333,261.918263,120.415709,8.382006006,8.381101060,0.000904946,1.141771460,1.132460456
167,5.566666667,256.932961,123.615767,8.419756087,8.418390348,0.001365738,1.115680822,1.105013479
168,5.600000000,252.281858,126.887006,8.456021531,8.454776859,0.001244672,1.091228571,1.078307439
169,5.633333333,247.703008,130.137218,8.491865364,8.490286642,0.001578722,1.066419459,1.052423102
170,5.666666667,243.479478,133.226990,8.525246881,8.524948400,0.000298482,1.040331812,1.027438753
171,5.700000000,239.188514,136.559301,8.559868506,8.558793399,0.001075107,1.017491664,1.003429949
172,5.733333333,235.140854,140.240280,8.594735606,8.591855377,0.002880228,0.998575462,0.980469302
173,5.766666667,231.742115,143.484230,8.624690719,8.624170438,0.000520280,0.977485355,0.958626251
174,5.800000000,228.146110,147.126502,8.657329608,8.655776947,0.001552661,0.957029511,0.937966857
175,5.833333333,224.924670,150.677338,8.687908808,8.686715410,0.001193399,0.940230824,0.918553599
176,5.866666667,221.659735,154.347826,8.719248881,8.717028353,0.002220528,0.924357648,0.900445189
177,5.900000000,218.936803,157.757125,8.747085145,8.746760197,0.000324948,0.907329723,0.883696393
178,5.933333333,216.216096,161.363118,8.775918577,8.775957117,-0.000038541,0.891001219,0.868357864
179,5.966666667,213.089184,164.905756,8.805930832,8.804666908,0.001263923,0.878431842,0.854475990
180,6.000000000,210.799087,168.497717,8.833053671,8.832938837,0.000114834,0.868254168,0.842092754
181,6.033333333,208.622307,171.972750,8.859195372,8.860823494,-0.001628122,0.857753829,0.831245608
182,6.066666667,206.242884,175.912713,8.888553967,8.888372644,0.000181323,0.847025402,0.821967355
183,6.100000000,204.083643,179.474597,8.915111559,8.915639064,-0.000527505,0.840116187,0.814286057
184,6.133333333,202.260814,183.389313,8.942616641,8.942676385,-0.000059745,0.834046460,0.808224944
185,6.166666667,200.198595,186.899745,8.968546444,8.969538934,-0.000992490,0.829667100,0.803802346
186,6.200000000,198.356061,190.858586,8.996389927,8.996281565,0.000108362,0.827564672,0.801031639
187,6.233333333,196.553894,194.714019,9.023515044,9.022959493,0.000555551,0.825703970,0.799921203
188,6.266666667,195.123410,198.365140,9.048508661,9.049628132,-0.001119470,0.827059602,0.800474395
189,6.300000000,193.792060,202.247007,9.074670663,9.076342921,-0.001672258,0.830356058,0.802689542
190,6.333333333,192.356209,206.450980,9.103020811,9.103159161,-0.000138350,0.834787359,0.806559946
191,6.366666667,190.890166,210.365262,9.129647269,9.130131847,-0.000484578,0.841786314,0.812073901
192,6.400000000,189.707937,214.380317,9.156323478,9.157315500,-0.000992021,0.847492375,0.819214731
193,6.433333333,188.684685,218.619048,9.184116196,9.184764001,-0.000647805,0.853988677,0.827960840
194,6.466666667,187.621554,222.778195,9.211472791,9.212530433,-0.001057642,0.864823791,0.838285777
195,6.500000000,186.945879,226.920664,9.238212580,9.240666917,-0.002454337,0.875258348,0.850158317
196,6.533333333,186.331436,231.639469,9.268559776,9.269224453,-0.000664677,0.887602725,0.863542553
197,6.566666667,185.581784,236.061958,9.297188454,9.298252769,-0.001064315,0.902382055,0.878398007
198,6.600000000,185.235331,240.426966,9.325131131,9.327800169,-0.002669038,0.918865238,0.894679752
199,6.633333333,184.392593,245.173457,9.355756033,9.357913388,-0.002157354,0.937143688,0.912338547
200,6.666666667,184.363636,250.329465,9.388591856,9.388637447,-0.000045591,0.954302959,0.931320987
201,6.700000000,184.481481,255.110494,9.419094949,9.420015524,-0.000920575,0.970443470,0.951569662
202,6.733333333,184.495547,260.207379,9.451654934,9.452088815,-0.000433881,0.990256592,0.973023335
203,6.766666667,184.370717,265.064174,9.482583730,9.484896416,-0.002312686,1.013082381,0.995617123
204,6.800000000,184.946360,270.379949,9.516665944,9.518475200,-0.001809256,1.035479723,1.019282695
205,6.833333333,185.543071,275.855805,9.551815563,9.552859710,-0.001044147,1.059303386,1.043948481
206,6.866666667,186.161049,280.976904,9.584709209,9.588082051,-0.003372842,1.084534381,1.069539883
207,6.900000000,187.387454,286.833948,9.622870977,9.624171794,-0.001300818,1.108853304,1.095979504
208,6.933333333,188.686577,292.562620,9.660368872,9.661155888,-0.000787016,1.134100748,1.123187384
209,6.966666667,190.055767,298.309886,9.698066167,9.699058576,-0.000992409,1.159928077,1.151081237
210,7.000000000,191.969290,304.122841,9.737114320,9.737901323,-0.000787003,1.185892907,1.179576704
211,7.033333333,194.031716,309.951493,9.776601296,9.777702751,-0.001101455,1.213332380,1.208587607
212,7.066666667,196.181985,315.512868,9.814687643,9.818478582,-0.003790940,1.240687986,1.238026207
213,7.100000000,199.035448,321.600746,9.857642334,9.860241594,-0.002599260,1.270215711,1.267803472
214,7.133333333,201.863039,327.789243,9.901112673,9.903001577,-0.001888903,1.299221590,1.297829349
215,7.166666667,205.075841,333.711315,9.944147925,9.946765304,-0.002617380,1.326638636,1.328013028
216,7.200000000,208.530247,339.751852,9.988562187,9.991536518,-0.002974330,1.355840229,1.358263226
217,7.233333333,212.916511,345.859813,10.036558303,10.037315909,-0.000757606,1.384509856,1.388488457
218,7.266666667,217.157407,351.482716,10.081584552,10.084101122,-0.002516570,1.410928060,1.418597311
219,7.300000000,221.744802,357.203529,10.128476081,10.131886758,-0.003410677,1.438448243,1.448498729
220,7.333333333,226.731103,362.780050,10.176310392,10.180664394,-0.004354001,1.467072481,1.478102279
221,7.366666667,232.446984,368.558095,10.228287568,10.230422605,-0.002135037,1.496136306,1.507318434
222,7.400000000,238.026942,373.997494,10.278064570,10.281147002,-0.003082433,1.526545458,1.536058832
223,7.433333333,244.551572,378.763522,10.329648493,10.332820274,-0.003171781,1.553196296,1.564236556
224,7.466666667,250.949359,384.109615,10.382892166,10.385422240,-0.002530074,1.577865450,1.591766386
225,7.500000000,257.913771,388.434363,10.435267734,10.438929909,-0.003662175,1.603700947,1.618565065
226,7.533333333,265.474894,392.598306,10.490507863,10.493317552,-0.002809689,1.628934375,1.644551545
227,7.566666667,272.821429,396.644110,10.544193230,10.548556780,-0.004363550,1.650192160,1.669647235
228,7.600000000,281.047619,400.258413,10.601700754,10.604616626,-0.002915872,1.672103428,1.693776238
229,7.633333333,289.125870,403.237824,10.656838379,10.661463643,-0.004625264,1.697294143,1.716865580
230,7.666666667,297.725602,406.406210,10.715424201,10.719062002,-0.003637801,1.718381171,1.738845433
231,7.700000000,306.586229,408.521236,10.773657759,10.777373604,-0.003715845,1.736952098,1.759649323
232,7.733333333,315.949261,410.320488,10.834648685,10.836358190,-0.001709506,1.755780254,1.779214332
233,7.766666667,325.162297,411.084270,10.893803895,10.895973469,-0.002169573,1.773688315,1.797481290
234,7.800000000,334.348542,412.140684,10.953000896,10.956175238,-0.003174342,1.789192890,1.814394952
235,7.833333333,343.996801,412.133717,11.014765742,11.016917526,-0.002151784,1.803844968,1.829904166
236,7.866666667,353.490999,411.605214,11.075676183,11.078152722,-0.002476539,1.818698818,1.843962027
237,7.900000000,363.076080,410.454545,11.137542055,11.139831727,-0.002289672,1.832230335,1.856526021
238,7.933333333,372.333969,408.790712,11.197847460,11.201904101,-0.004056641,1.842732943,1.867558149
239,7.966666667,382.017241,406.744572,11.261240194,11.264318211,-0.003078016,1.852133548,1.877025048
240,8.000000000,391.584449,403.942639,11.325032238,11.327021392,-0.001989154,1.860513844,1.884898087
241,8.033333333,400.303789,400.307643,11.385487874,11.389960107,-0.004472233,1.866715559,1.891153454
242,8.066666667,409.638570,396.201788,11.450843022,11.453080103,-0.002237081,1.869645382,1.895772233
243,8.100000000,418.087421,391.254088,11.513601471,11.516326581,-0.002725110,1.872158986,1.898740453
244,8.133333333,426.785897,386.452564,11.577275233,11.579644359,-0.002369126,1.874841273,1.900049140
245,8.166666667,434.787650,380.774417,11.640135471,11.642978039,-0.002842567,1.873813000,1.899694334
246,8.200000000,442.246628,374.310854,11.703407383,11.706272175,-0.002864791,1.871940514,1.897677109
247,8.233333333,449.769184,367.506446,11.768546559,11.769471441,-0.000924882,1.868325754,1.894003565
248,8.266666667,456.680259,360.590291,11.831277004,11.832520797,-0.001243794,1.865513104,1.888684813
249,8.300000000,462.842697,352.913233,11.894443100,11.895365658,-0.000922558,1.860537957,1.881736938
250,8.333333333,468.556180,345.016230,11.957083000,11.957952057,-0.000869057,1.849809281,1.873180952
251,8.366666667,474.002525,336.900253,12.019898962,12.020226806,-0.000327845,1.840651461,1.863042732
252,8.400000000,478.934741,328.475368,12.082584782,12.082137664,0.000447118,1.830892442,1.851352937
253,8.433333333,483.173664,320.027990,12.143225197,12.143633487,-0.000408290,1.818421217,1.838146923
254,8.466666667,486.774254,310.889925,12.206249963,12.204664387,0.001585576,1.804474088,1.823464627
255,8.500000000,490.000000,302.260618,12.265332610,12.265181884,0.000150726,1.789165996,1.807350454
256,8.533333333,492.348794,293.133581,12.325772227,12.325139048,0.000633179,1.772498045,1.789853138
257,8.566666667,494.123503,284.019534,12.385386417,12.384490645,0.000895772,1.752918419,1.771025596
258,8.600000000,495.638836,275.098672,12.443487875,12.443193272,0.000294603,1.734300083,1.750924767
259,8.633333333,496.758491,265.786792,12.503619984,12.501205489,0.002414495,1.714254475,1.729611444
260,8.666666667,496.611006,256.956989,12.560220810,12.558487944,0.001732866,1.691846020,1.707150084
261,8.700000000,496.871242,248.291503,12.615784615,12.615003492,0.000781123,1.669306294,1.683608617
262,8.733333333,495.945264,239.627306,12.671647543,12.670717307,0.000930235,1.645414595,1.659058239
263,8.766666667,494.853933,230.924469,12.727932772,12.725596989,0.002335784,1.621294402,1.633573199
264,8.800000000,493.441962,222.561763,12.782301424,12.779612658,0.002688766,1.596445296,1.607230571
265,8.833333333,491.369336,214.631906,12.834839004,12.832737049,0.002101955,1.571842604,1.580110022
266,8.866666667,488.863665,206.829894,12.887404096,12.884945593,0.002458503,1.546257658,1.552293575
267,8.900000000,486.454078,199.371869,12.937636023,12.936216489,0.001419534,1.517909491,1.523865353
268,8.933333333,483.138258,192.178030,12.988403706,12.986530774,0.001872933,1.490420135,1.494911333
269,8.966666667,479.998099,184.856147,13.039439972,13.035872375,0.003567597,1.461783949,1.465519081
270,9.000000000,476.541748,178.418123,13.086236397,13.084228164,0.002008233,1.433771196,1.435777487
271,9.033333333,472.452290,172.205471,13.133874131,13.131587992,0.002286139,1.407613352,1.405776500
272,9.066666667,468.550917,166.135357,13.180136642,13.177944723,0.002191920,1.378492844,1.375606850
273,9.100000000,464.310854,160.385356,13.225927534,13.223294255,0.002633280,1.348633150,1.345359781
274,9.133333333,460.145637,154.966102,13.269694608,13.267635531,0.002059076,1.318764323,1.315126769
275,9.166666667,455.494036,149.672316,13.314803968,13.310970545,0.003833423,1.289915913,1.284999247
276,9.200000000,450.857143,144.907854,13.357358251,13.353304332,0.004053919,1.261537588,1.255068331
277,9.233333333,446.183660,140.494118,13.398507308,13.394644958,0.003862351,1.235596499,1.225424540
278,9.266666667,441.605313,136.421885,13.437724623,13.435003488,0.002721135,1.208434227,1.196157527
279,9.300000000,436.622824,132.646035,13.477737857,13.474393963,0.003343894,1.178120430,1.167355803
280,9.333333333,432.159004,128.660281,13.515867530,13.512833347,0.003034183,1.151766576,1.139106473
281,9.366666667,426.953532,125.353160,13.555252939,13.550341482,0.004911457,1.126121374,1.111494974
282,9.400000000,422.141830,122.384967,13.591411179,13.586941028,0.004470152,1.100472006,1.084604809
283,9.433333333,417.534212,119.577527,13.625910961,13.622657389,0.003253572,1.075965159,1.058517303
284,9.466666667,412.661607,116.795066,13.661755764,13.657518644,0.004237120,1.052017264,1.033311352
285,9.500000000,408.061024,114.442913,13.694748484,13.691555456,0.003193028,1.027364106,1.009063188
286,9.533333333,403.255975,112.326415,13.728274223,13.724800981,0.003473242,1.003820425,0.985846143
287,9.566666667,398.578846,110.595513,13.760121501,13.757290770,0.002830731,0.983246368,0.963730433
288,9.600000000,393.549270,108.577859,13.794753716,13.789062658,0.005691058,0.964544473,0.942782943
289,9.633333333,389.417445,106.942679,13.823093931,13.820156652,0.002937279,0.947100391,0.923067025
290,9.666666667,384.784387,105.464684,13.854118349,13.850614808,0.003503541,0.929827942,0.904642304
291,9.700000000,380.195964,104.479818,13.884031227,13.880481106,0.003550121,0.911975925,0.887564504
292,9.733333333,375.859519,103.353666,13.912649225,13.909801316,0.002847909,0.895546299,0.871885272
293,9.766666667,371.364899,102.378157,13.942022357,13.938622859,0.003399498,0.883181006,0.857652028
294,9.800000000,366.995655,101.574178,13.970393043,13.966994664,0.003398378,0.872116616,0.844907817
295,9.833333333,362.710227,100.946970,13.998053269,13.994967021,0.003086248,0.861251292,0.833691181
296,9.866666667,358.575817,100.307190,14.024755054,14.022591428,0.002163626,0.851758345,0.824036043
297,9.900000000,354.216792,99.795739,14.052755760,14.049920434,0.002835326,0.844014546,0.815971603
298,9.933333333,350.006301,99.574669,14.079654714,14.077007482,0.002647232,0.835365739,0.809522250
299,9.966666667,345.731343,99.523010,14.106939480,14.103906748,0.003032732,0.830716583,0.804707490
300,10.000000000,341.422810,99.600504,14.134463548,14.130672974,0.003790574,0.830726934,0.801541883
301,10.033333333,337.282716,99.406790,14.160900958,14.157361306,0.003539653,0.829010608,0.800035003
302,10.066666667,333.194236,99.446742,14.186985806,14.184027124,0.002958682,0.829040760,0.800191407
303,10.100000000,329.067807,99.869455,14.213443130,14.210725877,0.002717253,0.830879855,0.802010623
304,10.133333333,324.890166,100.399106,14.240332418,14.237512915,0.002819503,0.834035805,0.805487148
305,10.166666667,320.517176,100.694656,14.268297569,14.264443320,0.003854250,0.838509010,0.810610469
306,10.200000000,316.520295,101.152522,14.293958487,14.291571740,0.002386747,0.844826790,0.817365091
307,10.233333333,312.239852,101.770603,14.321525902,14.318952226,0.002573676,0.853048961,0.825730585
308,10.266666667,308.108571,102.678730,14.348490186,14.346638065,0.001852121,0.862303031,0.835681653
309,10.300000000,303.942679,103.733333,14.375897066,14.374681621,0.001215445,0.872948111,0.847188199
310,10.333333333,299.493260,104.723652,14.404953798,14.403134176,0.001819622,0.883793065,0.860215424
311,10.366666667,295.015296,106.342256,14.435276189,14.432045776,0.003230412,0.897199502,0.874723929
312,10.400000000,290.661111,107.253086,14.463488237,14.461465078,0.002023160,0.912382094,0.890669837
313,10.433333333,286.232962,109.021685,14.493849278,14.491439202,0.002410076,0.928218203,0.908004922
314,10.466666667,281.841840,110.798362,14.524054100,14.522013594,0.002040507,0.945643013,0.926676758
315,10.500000000,277.145522,112.567164,14.556011426,14.553231880,0.002779547,0.964702281,0.946628874
316,10.533333333,272.895327,114.717134,14.586347500,14.585135741,0.001211759,0.984565275,0.967800931
317,10.566666667,268.246843,116.951389,14.619218329,14.617764787,0.001453543,1.006384165,0.990128898
318,10.600000000,263.655556,119.460494,14.652561030,14.651156429,0.001404601,1.030003234,1.013545247
319,10.633333333,259.064249,122.331425,14.687073688,14.685345777,0.001727911,1.052885119,1.037979160
320,10.666666667,254.282390,124.925786,14.721647862,14.720365526,0.001282336,1.075642018,1.063356743
321,10.700000000,249.859048,128.307937,14.757065458,14.756245860,0.000819598,1.099102258,1.089601245
322,10.733333333,245.212687,131.866294,14.794378351,14.793014360,0.001363991,1.124561759,1.116633295
323,10.766666667,240.647691,135.316888,14.830843345,14.830695923,0.000147422,1.150442480,1.144371141
324,10.800000000,236.075126,139.207702,14.869091075,14.869312681,-0.000221605,1.177375566,1.172730893
325,10.833333333,231.780275,143.682896,14.908584691,14.908883940,-0.000299249,1.204401222,1.201626785
326,10.866666667,227.093128,148.313423,14.950628490,14.949426119,0.001202371,1.232142088,1.230971426
327,10.900000000,222.838669,152.793471,14.990018952,14.990952702,-0.000933750,1.260742687,1.260676068
328,10.933333333,218.627075,158.338442,15.034403268,15.033474193,0.000929075,1.290574277,1.290650877
329,10.966666667,214.285185,163.543210,15.077617348,15.076998089,0.000619259,1.320051106,1.320805198
330,11.000000000,210.398742,169.092453,15.120809070,15.121528854,-0.000719784,1.346477605,1.351047837
331,11.033333333,206.613308,175.074702,15.165940620,15.167067909,-0.001127290,1.374755257,1.381287330
332,11.066666667,203.026168,181.530218,15.213032528,15.213613625,-0.000581097,1.404371035,1.411432224
333,11.100000000,199.847744,188.190476,15.260118360,15.261161327,-0.001042967,1.432882011,1.441391352
334,11.133333333,196.629630,194.939974,15.307838628,15.309703311,-0.001864683,1.461226368,1.471074108
335,11.166666667,193.749364,202.320611,15.358390543,15.359228865,-0.000838322,1.488705639,1.500390722
336,11.200000000,191.206408,209.642637,15.407836695,15.409724305,-0.001887610,1.513700275,1.529252533
337,11.233333333,189.047975,217.452336,15.459521156,15.461173010,-0.001651855,1.541337044,1.557572252
338,11.266666667,187.293827,225.341358,15.511084435,15.513555480,-0.002471044,1.568472973,1.585264234
339,11.300000000,185.948220,234.076375,15.567498911,15.566849386,0.000649525,1.593685317,1.612244728
340,11.333333333,184.974806,242.272610,15.620207354,15.621029648,-0.000822294,1.618883332,1.638432138
341,11.366666667,184.476562,250.616536,15.673582843,15.676068503,-0.002485659,1.642531220,1.663747265
342,11.400000000,184.473457,259.416667,15.729787836,15.731935589,-0.002147753,1.666438403,1.688113548
343,11.433333333,184.885214,268.486381,15.787775422,15.788598043,-0.000822621,1.690244076,1.711457296
344,11.466666667,186.036896,277.129771,15.843481090,15.846020595,-0.002539505,1.711042001,1.733707911
345,11.500000000,187.230429,286.244318,15.902170245,15.904165676,-0.001995430,1.730064408,1.754798101
346,11.533333333,189.433833,294.980649,15.959693415,15.962993531,-0.003300116,1.749280619,1.774664081
347,11.566666667,191.858396,303.895363,16.018700152,16.022462343,-0.003762191,1.767286462,1.793245772
348,11.600000000,195.074427,312.910941,16.079819153,16.082528354,-0.002709201,1.783323939,1.810486976
349,11.633333333,198.644279,321.718905,16.140465230,16.143145999,-0.002680770,1.795341537,1.826335550
350,11.666666667,203.217557,330.334606,16.202714830,16.204268049,-0.001553219,1.808724395,1.840743565
351,11.700000000,207.967681,338.330798,16.262148252,16.265845745,-0.003697493,1.824364127,1.853667446
352,11.733333333,213.173308,346.521822,16.324145146,16.327828952,-0.003683806,1.835498794,1.865068107
353,11.766666667,219.289058,354.398482,16.387841766,16.390166309,-0.002324543,1.843208317,1.874911069
354,11.800000000,225.666027,362.092770,16.451650828,16.452805383,-0.001154555,1.851411947,1.883166563
355,11.833333333,232.401515,368.671086,16.511764962,16.515692829,-0.003927868,1.857961003,1.889809624
356,11.866666667,240.016199,375.357009,16.576554380,16.578774551,-0.002220170,1.862987899,1.894820159
357,11.900000000,247.705919,381.279128,16.638665724,16.641995864,-0.003330140,1.867652502,1.898183017
358,11.933333333,255.886132,387.090331,16.702893173,16.705301663,-0.002408490,1.869661485,1.899888026
359,11.966666667,264.060664,392.141762,16.764365933,16.768636586,-0.004270652,1.869458013,1.899930029
360,12.000000000,272.815453,396.770115,16.827695565,16.831945184,-0.004249619,1.867482949,1.898308901
361,12.033333333,282.148718,400.594231,16.892224853,16.895172086,-0.002947232,1.865120036,1.895029544
362,12.066666667,291.346641,404.300380,16.955675122,16.958262170,-0.002587048,1.861821397,1.890101875
363,12.100000000,300.655431,406.829588,17.017393869,17.021160727,-0.003766858,1.854359315,1.883540797
364,12.133333333,310.301708,408.932321,17.080661033,17.083813626,-0.003152593,1.844708346,1.875366153
365,12.166666667,319.776753,410.873924,17.142572205,17.146167481,-0.003595277,1.837515438,1.865602666
366,12.200000000,329.377778,411.640741,17.204224535,17.208169810,-0.003945275,1.828385313,1.854279863
367,12.233333333,338.981830,411.986216,17.265822183,17.269769192,-0.003947008,1.816294721,1.841431988
368,12.266666667,348.564919,411.774032,17.327284885,17.330915427,-0.003630542,1.802554902,1.827097897
369,12.300000000,358.127767,411.077166,17.388760498,17.391559685,-0.002799187,1.787709632,1.811320940
370,12.333333333,367.397319,409.774528,17.448765103,17.451654653,-0.002889550,1.772864233,1.794148832
371,12.366666667,376.617517,408.028355,17.508891086,17.511154681,-0.002263595,1.755379924,1.775633507
372,12.400000000,385.411255,405.709338,17.567140047,17.570015916,-0.002875870,1.736341708,1.755830960
373,12.433333333,394.053560,402.731569,17.625703308,17.628196440,-0.002493132,1.716623682,1.734801080
374,12.466666667,402.266169,399.455224,17.682386646,17.685656390,-0.003269744,1.695012666,1.712607468
375,12.500000000,410.341433,395.627414,17.739697634,17.742358085,-0.002660452,1.673197698,1.689317244
376,12.533333333,418.267045,391.741793,17.796239770,17.798266137,-0.002026367,1.651703803,1.665000846
377,12.566666667,425.594833,387.095148,17.851819010,17.853347556,-0.001528546,1.627136475,1.639731812
378,12.600000000,432.413968,382.049524,17.906213704,17.907571854,-0.001358150,1.602403779,1.613586565
379,12.633333333,438.983461,377.127226,17.958922055,17.960911135,-0.001989080,1.577662553,1.586644175
380,12.666666667,445.097928,371.767734,18.011130536,18.013340180,-0.002209644,1.551283316,1.558986125
381,12.700000000,451.020672,366.288760,18.062940889,18.064836521,-0.001895632,1.525654372,1.530696061
382,12.733333333,456.607465,360.514157,18.114511423,18.115380512,-0.000869089,1.498722509,1.501859540
383,12.766666667,461.532491,354.528881,18.164266943,18.164955387,-0.000688444,1.469862612,1.472563773
384,12.800000000,466.159975,348.697897,18.212075203,18.213547311,-0.001472108,1.441396175,1.442897360
385,12.833333333,470.389527,342.738186,18.258997430,18.261145422,-0.002147992,1.412870310,1.412950020
386,12.866666667,474.121328,336.312261,18.306712584,18.307741864,-0.001029280,1.385029651,1.382812323
387,12.900000000,477.901092,330.272319,18.352469479,18.353331808,-0.000862329,1.357350046,1.352575415
388,12.933333333,481.000644,324.317889,18.395568304,18.397913472,-0.002345168,1.328253954,1.322330742
389,12.966666667,483.772983,317.824891,18.440904056,18.441488121,-0.000584065,1.299177352,1.292169772
390,13.000000000,486.440860,311.690702,18.483868901,18.484060067,-0.000191167,1.273397800,1.262183722
391,13.033333333,488.860335,305.673495,18.525453342,18.525636654,-0.000183312,1.247594029,1.232463278
392,13.066666667,490.709206,299.282540,18.568118968,18.566228236,0.001890732,1.217255162,1.203098324
393,13.100000000,492.367284,293.593210,18.606123677,18.605848146,0.000275531,1.188616741,1.174177668
394,13.133333333,493.373661,287.686200,18.644527334,18.644512656,0.000014678,1.163035976,1.145788776
395,13.166666667,494.534483,282.045338,18.681517264,18.682240928,-0.000723664,1.138064398,1.118017504
396,13.200000000,495.622857,276.367619,18.718585449,18.719054953,-0.000469503,1.111856413,1.090947841
397,13.233333333,496.438210,270.523046,18.756393465,18.754979490,0.001413976,1.084895427,1.064661654
398,13.266666667,496.750936,264.981273,18.791955379,18.790041986,0.001913393,1.061613422,1.039238440
399,13.300000000,496.722952,259.726079,18.825632872,18.824272496,0.001360375,1.039305927,1.014755086
400,13.333333333,496.740252,254.630189,18.858351182,18.857703592,0.000647590,1.016408261,0.991285638
401,13.366666667,496.802747,248.999376,18.894458330,18.890370261,0.004088069,0.994729454,0.968901074
402,13.400000000,496.163498,244.077313,18.926244736,18.922309805,0.003934931,0.972334375,0.947669093
403,13.433333333,496.003683,239.537753,18.955364803,18.953561722,0.001803082,0.952739943,0.927653905
404,13.466666667,495.245117,234.590422,18.987477000,18.984167592,0.003309407,0.938162919,0.908916044
405,13.500000000,494.962893,229.957862,19.017115512,19.014170948,0.002944564,0.923636260,0.891512178
406,13.533333333,493.846532,225.383671,19.047247278,19.043617146,0.003630132,0.908447387,0.875494941
407,13.566666667,493.030593,221.123008,19.075061715,19.072553225,0.002508490,0.892497056,0.860912775
408,13.600000000,492.078765,216.872716,19.102973947,19.101027768,0.001946179,0.876469736,0.847809781
409,13.633333333,490.611959,212.692112,19.131322627,19.129090754,0.002231873,0.865504661,0.836225586
410,13.666666667,489.558271,208.310777,19.160178030,19.156793407,0.003384624,0.857637309,0.826195223
411,13.700000000,488.055767,204.309886,19.187566491,19.184188039,0.003378452,0.847263540,0.817749029
412,13.733333333,486.673585,200.364780,19.214376987,19.211327896,0.003049091,0.838702294,0.810912547
413,13.766666667,485.354677,196.509102,19.240463447,19.238266993,0.002196454,0.837173918,0.805706452
414,13.800000000,483.529197,192.681873,19.267615118,19.265059952,0.002555167,0.836116854,0.802146489
415,13.833333333,481.610398,188.612844,19.296463980,19.291761837,0.004702142,0.831748574,0.800243424
416,13.866666667,480.102757,184.794486,19.322671382,19.318427989,0.004243393,0.829741383,0.800003014
417,13.900000000,478.008822,181.204789,19.349257673,19.345113855,0.004143818,0.832550956,0.801425985
418,13.933333333,476.043071,177.661049,19.375217120,19.371874824,0.003342296,0.836634559,0.804508034
419,13.966666667,474.019872,174.328846,19.400189354,19.398766057,0.001423297,0.840609905,0.809239839
420,14.000000000,471.423624,170.634508,19.429105422,19.425842320,0.003263101,0.847379093,0.815607091
421,14.033333333,469.200375,167.156679,19.455570864,19.453157822,0.002413042,0.853240024,0.823590532
422,14.066666667,466.903786,163.456859,19.483407604,19.480766047,0.002641557,0.861213552,0.833166018
423,14.100000000,463.970045,160.182919,19.511478674,19.508719593,0.002759081,0.874614332,0.844304591
424,14.133333333,461.048077,156.390385,19.542174350,19.537070015,0.005104335,0.885954896,0.856972563
425,14.166666667,458.212121,152.849116,19.571231049,19.565867667,0.005363382,0.895817798,0.871131624
426,14.200000000,455.502197,149.703076,19.597809467,19.595161550,0.002647917,0.910685042,0.886738951
427,14.233333333,452.232742,146.261670,19.628191259,19.624999166,0.003192094,0.927682716,0.903747343
428,14.266666667,448.736478,142.797484,19.659689071,19.655426370,0.004262701,0.945214621,0.922105362
429,14.300000000,445.131562,139.808982,19.689634973,19.686487237,0.003147736,0.965199920,0.941757488
430,14.333333333,441.653944,136.216921,19.721515468,19.718223923,0.003291545,0.984696487,0.962644286
431,14.366666667,437.336408,132.900984,19.756315919,19.750676541,0.005639379,1.005598214,0.984702589
432,14.400000000,433.551136,130.226641,19.785964636,19.783883039,0.002081597,1.027418023,1.007865686
433,14.433333333,429.149660,126.784787,19.821677815,19.817879085,0.003798731,1.050883809,1.032063523
434,14.466666667,424.503636,123.613939,19.857622684,19.852697959,0.004924725,1.072595564,1.057222921
435,14.500000000,420.055451,120.937618,19.890792736,19.888370452,0.002422284,1.094258628,1.083267788
436,14.533333333,415.014157,118.208494,19.927431279,19.924924775,0.002506503,1.121341938,1.110119359
437,14.566666667,409.556391,115.404135,19.966663142,19.962386471,0.004276671,1.149281884,1.137696424
438,14.600000000,404.259823,112.935995,20.004021716,20.000778339,0.003243378,1.175001090,1.165915583
439,14.633333333,398.547980,110.483586,20.043753547,20.040120364,0.003633183,1.200941426,1.194691492
440,14.666666667,392.735837,108.535573,20.082932815,20.080429658,0.002503157,1.229509318,1.223937125
441,14.700000000,386.565049,106.272492,20.124937042,20.121720409,0.003216633,1.255819767,1.253564034
442,14.733333333,380.143939,104.455808,20.167576743,20.164003835,0.003572908,1.284639370,1.283482617
443,14.766666667,373.765223,102.700565,20.209786958,20.207288152,0.002498805,1.313283450,1.313602393
444,14.800000000,366.560413,101.558591,20.256336653,20.251578551,0.004758102,1.338687517,1.343832269
445,14.833333333,359.965732,100.545794,20.298950160,20.296877178,0.002072983,1.368167193,1.374080822
446,14.866666667,352.570896,99.784204,20.346417317,20.343183130,0.003234186,1.399126042,1.404256570
447,14.900000000,345.361624,99.431119,20.392501913,20.390492459,0.002009453,1.426248386,1.434268253
448,14.933333333,337.533457,99.460347,20.442493451,20.438798182,0.003695270,1.453080274,1.464025107
449,14.966666667,330.047081,99.866290,20.490388405,20.488090301,0.002298103,1.480239204,1.493437138
450,15.000000000,322.282692,100.642949,20.540253637,20.538355838,0.001897799,1.507091829,1.522415394
451,15.033333333,314.185813,101.513497,20.592209849,20.589578867,0.002630982,1.533329021,1.550872237
452,15.066666667,306.229323,102.966792,20.643769212,20.641740570,0.002028642,1.560164792,1.578721605
453,15.100000000,298.151803,105.091714,20.697006461,20.694819288,0.002187174,1.587540246,1.605879273
454,15.133333333,290.370787,107.646692,20.749232820,20.748790589,0.000442231,1.610557420,1.632263107
455,15.166666667,282.204881,110.437380,20.804230202,20.803627342,0.000602860,1.633969779,1.657793316
456,15.200000000,274.379467,114.219623,20.859619288,20.859299800,0.000319488,1.658396267,1.682392687
457,15.233333333,266.191729,118.092105,20.917381187,20.915775684,0.001605502,1.681118344,1.705986825
458,15.266666667,258.591255,122.520913,20.973460974,20.973020291,0.000440683,1.702750934,1.728504374
459,15.300000000,250.912963,127.429630,21.031536268,21.030996589,0.000539679,1.722292398,1.749877235
460,15.333333333,243.807407,132.872222,21.088573881,21.089665335,-0.001091455,1.741331335,1.770040768
461,15.366666667,236.736508,138.950476,21.148041043,21.148985191,-0.000944149,1.759265739,1.788933994
462,15.400000000,230.069052,145.232894,21.206489443,21.208912851,-0.002423408,1.775455120,1.806499774
463,15.433333333,223.105364,152.411877,21.270255051,21.269403168,0.000851883,1.791999804,1.822684983
464,15.466666667,217.137845,159.575188,21.329664994,21.330409298,-0.000744304,1.806565511,1.837440673
465,15.500000000,211.404718,167.356300,21.391239005,21.391882832,-0.000643827,1.819160473,1.850722217
466,15.533333333,206.610905,175.526642,21.451605499,21.453773951,-0.002168453,1.832002398,1.862489449
467,15.566666667,201.662305,184.231153,21.515516752,21.516031573,-0.000514821,1.840765703,1.872706780
468,15.600000000,197.620818,192.969021,21.576968159,21.578603504,-0.001635345,1.846635920,1.881343311
469,15.633333333,193.623188,202.325142,21.641878513,21.641436603,0.000441909,1.853708158,1.888372921
470,15.666666667,190.946216,211.395872,21.702212701,21.704476939,-0.002264239,1.860189924,1.893774352
471,15.700000000,188.097118,221.027569,21.766293209,21.767669953,-0.001376743,1.865965627,1.897531267
472,15.733333333,186.542560,230.755686,21.829142311,21.830960623,-0.001818312,1.869519434,1.899632305
473,15.766666667,185.350910,240.591337,21.892473918,21.894293635,-0.001819718,1.867840642,1.900071111
474,15.800000000,184.583174,250.672403,21.957101481,21.957613545,-0.000512064,1.864349418,1.898846358
475,15.833333333,184.372436,260.258333,22.018329516,22.020864948,-0.002535432,1.861871741,1.895961751
476,15.866666667,184.943698,270.210493,22.081958169,22.083992647,-0.002034478,1.860088141,1.891426013
477,15.900000000,186.229328,280.270026,22.146694679,22.146941820,-0.000247141,1.854821003,1.885252862
478,15.933333333,187.948718,289.619762,22.207377780,22.209658183,-0.002280403,1.847083459,1.877460967
479,15.966666667,190.637405,298.847964,22.268754668,22.272088158,-0.003333490,1.836494266,1.868073893
480,16.000000000,193.247455,308.312977,22.331433995,22.334179032,-0.002745037,1.825450142,1.857120029
481,16.033333333,197.002511,317.185813,22.392942047,22.395879118,-0.002937071,1.815468465,1.844632504
482,16.066666667,200.913894,326.258317,22.456024753,22.457137910,-0.001113157,1.801487888,1.830649084
483,16.100000000,205.401515,334.484217,22.515832940,22.517906237,-0.002073298,1.787418810,1.815212058
484,16.133333333,210.380767,342.465237,22.575888454,22.578136413,-0.002247959,1.771471877,1.798368113
485,16.166666667,215.662281,349.899749,22.634120777,22.637782377,-0.003661600,1.754747565,1.780168190
486,16.200000000,221.431300,357.173136,22.693403659,22.696799836,-0.003396178,1.736928082,1.760667331
487,16.233333333,227.763705,364.147448,22.753564243,22.755146398,-0.001582155,1.716151847,1.739924512
488,16.266666667,234.123480,370.348049,22.810307411,22.812781700,-0.002474289,1.695679768,1.718002467
489,16.300000000,241.018448,376.194656,22.868094342,22.869667529,-0.001573187,1.675397365,1.694967494
490,16.333333333,247.611216,381.404537,22.921844302,22.925767940,-0.003923638,1.653504864,1.670889258
491,16.366666667,254.802972,386.404393,22.977877111,22.981049362,-0.003172251,1.630492527,1.645840579
492,16.400000000,262.006905,390.924670,23.032284650,23.035480703,-0.003196053,1.604735013,1.619897211
493,16.433333333,269.236825,394.958095,23.085233914,23.089033440,-0.003799526,1.578739200,1.593137616
494,16.466666667,276.807567,398.527071,23.138768649,23.141681707,-0.002913057,1.553269929,1.565642721
495,16.500000000,284.298584,401.723295,23.190867377,23.193402374,-0.002534997,1.527352934,1.537495681
496,16.533333333,291.744949,404.267045,23.241210211,23.244175118,-0.002964907,1.500663746,1.508781621
497,16.566666667,299.101067,406.706842,23.290776789,23.293982480,-0.003205691,1.471995894,1.479587380
498,16.600000000,306.650579,408.563063,23.340488645,23.342809922,-0.002321277,1.443458197,1.450001251
499,16.633333333,313.874525,409.947402,23.387535490,23.390645869,-0.003110380,1.414862608,1.420112711
500,16.666666667,321.091255,410.941698,23.434153270,23.437481746,-0.003328476,1.388048154,1.390012152
501,16.700000000,328.371501,411.561069,23.480942204,23.483312002,-0.002369798,1.361110208,1.359790607
502,16.733333333,335.406015,412.095865,23.526123376,23.528134125,-0.002010749,1.332905164,1.329539476
503,16.766666667,342.174242,411.989899,23.569472442,23.571948655,-0.002476212,1.304021899,1.299350247
504,16.800000000,348.918263,412.121328,23.612620130,23.614759177,-0.002139047,1.275567819,1.269314222
505,16.833333333,355.319523,411.659761,23.653679163,23.656572315,-0.002893151,1.247001835,1.239522239
506,16.866666667,361.631127,410.582721,23.694624176,23.697397706,-0.002773530,1.218757842,1.210064396
507,16.900000000,367.740252,410.035849,23.733829504,23.737247977,-0.003418474,1.193144741,1.181029785
508,16.933333333,373.788724,408.348823,23.773932650,23.776138704,-0.002206054,1.165449333,1.152506215
509,16.966666667,379.489056,407.470919,23.810780480,23.814088363,-0.003307882,1.138607761,1.124579949
510,17.000000000,385.059480,405.563197,23.848428925,23.851118276,-0.002689351,1.114466648,1.097335445
511,17.033333333,390.376286,403.596491,23.884777135,23.887252550,-0.002475415,1.088451108,1.070855098
512,17.066666667,395.798095,402.224762,23.920498569,23.922517998,-0.002019429,1.063237790,1.045218994
513,17.100000000,400.948571,400.285079,23.955730421,23.956944060,-0.001213638,1.040398394,1.020504663
514,17.133333333,405.387137,398.086580,23.987418801,23.990562715,-0.003143915,1.019089831,0.996786850
515,17.166666667,410.283741,395.688010,24.022378709,24.023408387,-0.001029678,0.997934580,0.974137284
516,17.200000000,414.544670,393.512631,24.053059887,24.055517833,-0.002457946,0.976866109,0.952624464
517,17.233333333,418.901515,391.011995,24.085278680,24.086930039,-0.001651359,0.958603150,0.932313451
518,17.266666667,423.068441,388.318124,24.117110957,24.117686100,-0.000575144,0.940732663,0.913265673
519,17.300000000,427.045977,386.240741,24.145783543,24.147829095,-0.002045552,0.924049361,0.895538735
520,17.333333333,430.925447,383.479975,24.176291456,24.177403956,-0.001112500,0.908992218,0.879186250
521,17.366666667,434.559099,380.692308,24.205650611,24.206457334,-0.000806724,0.895294850,0.864257671
522,17.400000000,438.001292,378.102713,24.233276414,24.235037458,-0.001761044,0.881824389,0.850798148
523,17.433333333,441.607121,375.353591,24.262322071,24.263193988,-0.000871916,0.867293892,0.838848386
524,17.466666667,444.834286,372.521270,24.289831498,24.290977863,-0.001146364,0.858372632,0.828444525
525,17.500000000,448.013109,369.260924,24.318986838,24.318441151,0.000545687,0.852039562,0.819618030
526,17.533333333,450.848307,366.492188,24.344420868,24.345636889,-0.001216021,0.846649424,0.812395594
527,17.566666667,453.978274,363.648665,24.371495023,24.372618924,-0.001123901,0.842971437,0.806799060
528,17.600000000,456.836551,360.446589,24.399003066,24.399441749,-0.000438682,0.836568719,0.802845354
529,17.633333333,459.446078,357.182598,24.425784816,24.426160336,-0.000375520,0.833984676,0.800546433
530,17.666666667,462.239089,354.070209,24.452597420,24.452829976,-0.000232557,0.833843422,0.799909249
531,17.700000000,464.760049,350.776129,24.479201092,24.479506107,-0.000305015,0.832779495,0.800935731
532,17.733333333,467.254938,347.153086,24.507417759,24.506244144,0.001173614,0.836065009,0.803622773
533,17.766666667,469.661070,344.083955,24.532412090,24.533099320,-0.000687230,0.840334424,0.807962248
534,17.800000000,471.629698,340.600739,24.558028350,24.560126511,-0.002098161,0.845300900,0.813941034
535,17.833333333,474.247944,336.944972,24.586842558,24.587380071,-0.000537513,0.851369330,0.821541048
536,17.866666667,476.363296,332.953184,24.615810338,24.614913674,0.000896665,0.861071992,0.830739306
537,17.900000000,478.525641,328.967033,24.644937450,24.642780143,0.002157308,0.873371046,0.841507989
538,17.933333333,480.811486,325.126717,24.673561128,24.671031296,0.002529832,0.884291510,0.853814529
539,17.966666667,482.435474,321.330887,24.700024715,24.699717787,0.000306929,0.896339422,0.867621708
540,18.000000000,484.157303,316.913233,24.730448331,24.728888954,0.001559377,0.911333767,0.882887769
541,18.033333333,486.131313,312.915404,24.759007460,24.758592670,0.000414790,0.927170151,0.899566543
542,18.066666667,487.780503,308.569182,24.788825899,24.788875195,-0.000049296,0.943559207,0.917607587
543,18.100000000,489.262477,303.844116,24.820592138,24.819781040,0.000811098,0.962763010,0.936956340
544,18.133333333,490.729127,299.260676,24.851474541,24.851352832,0.000121709,0.983683719,0.957554287
545,18.166666667,492.003831,294.339080,24.884100288,24.883631182,0.000469106,1.004291259,0.979339131
546,18.200000000,493.034077,289.376704,24.916635110,24.916654565,-0.000019455,1.023514702,1.002244990
547,18.233333333,494.113184,283.935945,24.952273385,24.950459202,0.001814183,1.045246198,1.026202589
548,18.266666667,495.185751,278.732188,24.986361970,24.985078953,0.001283017,1.068606442,1.051139472
549,18.300000000,496.024575,273.215501,25.022144234,25.020545211,0.001599023,1.093641969,1.076980224
550,18.333333333,496.276609,267.702358,25.057518839,25.056886810,0.000632029,1.120446994,1.103646694
551,18.366666667,496.517835,261.602706,25.096730671,25.094129936,0.002600734,1.147152929,1.131058235
552,18.400000000,496.781609,255.943167,25.133106052,25.132298050,0.000808001,1.174150583,1.159131945
553,18.433333333,496.530275,249.502141,25.174495689,25.171411814,0.003083875,1.200977612,1.187782921
554,18.466666667,496.284277,243.478616,25.213202375,25.211489030,0.001713344,1.229723513,1.216924515
555,18.500000000,495.634024,237.094790,25.254395272,25.252544587,0.001850685,1.257700405,1.246468592
556,18.533333333,494.833023,230.583489,25.296483398,25.294590416,0.001892982,1.284779663,1.276325803
557,18.566666667,493.471001,224.083493,25.339090082,25.337635451,0.001454632,1.311844876,1.306405851
558,18.600000000,492.131944,217.045455,25.385002383,25.381685605,0.003316779,1.339283445,1.336617763
559,18.633333333,490.270392,210.347463,25.429545214,25.426743751,0.002801462,1.368306401,1.366870171
560,18.666666667,487.760300,203.689139,25.475139386,25.472809716,0.002329670,1.396584558,1.397071582
561,18.700000000,485.315589,196.472750,25.523959452,25.519880275,0.004079177,1.425447237,1.427130658
562,18.733333333,482.028714,189.818352,25.571510440,25.567949168,0.003561272,1.455082871,1.456956490
563,18.766666667,478.857955,182.929293,25.620133736,25.617007114,0.003126622,1.480877451,1.486458876
564,18.800000000,474.994949,176.059343,25.670652959,25.667041841,0.003611118,1.507845194,1.515548593
565,18.833333333,470.674874,169.121843,25.723026639,25.718038123,0.004988515,1.536731796,1.544137664
566,18.866666667,466.054829,162.776947,25.773328757,25.769977828,0.003350930,1.562271138,1.572139627
567,18.900000000,461.053411,156.236165,25.826098170,25.822839967,0.003258203,1.587440777,1.599469796
568,18.933333333,455.458333,150.084596,25.879393152,25.876600764,0.002792388,1.610891208,1.626045515
569,18.966666667,449.719597,143.722117,25.934239027,25.931233724,0.003005302,1.634128461,1.651786413
570,19.000000000,443.345656,137.801602,25.989896138,25.986709716,0.003186422,1.658051840,1.676614640
571,19.033333333,436.753372,132.253693,26.044985315,26.042997057,0.001988258,1.680146371,1.700455108
572,19.066666667,429.089768,126.865035,26.104890326,26.100061613,0.004828713,1.700472677,1.723235717
573,19.100000000,421.676562,121.860235,26.162062416,26.157866896,0.004195520,1.721287166,1.744887572
574,19.133333333,413.881841,117.622512,26.218767756,26.216374180,0.002393576,1.740308860,1.765345189
575,19.166666667,405.380864,113.225309,26.279913579,26.275542617,0.004370963,1.756015997,1.784546701
576,19.200000000,396.797155,109.730365,26.339108582,26.335329357,0.003779225,1.772608027,1.802434034
577,19.233333333,387.943396,106.674843,26.398949682,26.395689681,0.003260001,1.788822358,1.818953093
578,19.266666667,378.879949,104.169221,26.459040885,26.456577136,0.002463749,1.803784552,1.834053918
579,19.300000000,369.513359,102.137405,26.520299271,26.517943675,0.002355596,1.817811294,1.847690841
580,19.333333333,359.997489,100.424357,26.582028172,26.579739800,0.002288372,1.828626903,1.859822619
581,19.366666667,350.340174,99.493781,26.643929004,26.641914716,0.002014287,1.838149883,1.870412562
582,19.400000000,340.399254,99.442164,26.707374753,26.704416482,0.002958271,1.845197310,1.879428643
583,19.433333333,330.776119,99.460821,26.768756886,26.767192167,0.001564719,1.850026421,1.886843594
584,19.466666667,320.810897,100.549359,26.832689322,26.830188014,0.002501309,1.857103234,1.892634990
585,19.500000000,311.237913,102.070611,26.894529777,26.893349597,0.001180180,1.860915222,1.896785317
586,19.533333333,301.604285,104.270321,26.957572217,26.956621993,0.000950224,1.862089600,1.899282022
587,19.566666667,292.125940,106.970551,27.020434417,27.019949939,0.000484478,1.863632556,1.900117555
588,19.600000000,282.905966,110.469520,27.083343811,27.083278009,0.000065802,1.863448024,1.899289389
589,19.633333333,273.656055,114.391386,27.147445884,27.146550772,0.000895112,1.862391791,1.896800028
590,19.666666667,264.759748,118.924528,27.211122106,27.209712968,0.001409137,1.857910088,1.892657001
591,19.700000000,256.579245,124.162264,27.273090723,27.272709669,0.000381054,1.852042594,1.886872839
592,19.733333333,248.374609,129.404628,27.335200566,27.335486448,-0.000285882,1.845566371,1.879465033
593,19.766666667,240.541279,135.369957,27.397951308,27.397989545,-0.000038236,1.836809931,1.870455987
594,19.800000000,233.475572,141.846011,27.459038422,27.460166024,-0.001127602,1.826495103,1.859872948
595,19.833333333,226.510732,148.785354,27.521736277,27.521963939,-0.000227662,1.815687361,1.847747921
596,19.866666667,220.230530,155.895950,27.582226369,27.583332491,-0.001106122,1.803438886,1.834117577
597,19.900000000,214.287654,163.493210,27.643721232,27.644222175,-0.000500944,1.787951248,1.819023138
598,19.933333333,208.979167,171.208965,27.703422611,27.704584938,-0.001162327,1.772153365,1.802510253
599,19.966666667,204.284461,179.358396,27.763395190,27.764374318,-0.000979129,1.756438974,1.784628864
600,20.000000000,200.079335,187.746641,27.823293473,27.823545589,-0.000252116,1.738730636,1.765433048
601,20.033333333,196.291745,195.800882,27.880108094,27.882055894,-0.001947800,1.719771160,1.744980860
602,20.066666667,193.016667,204.380128,27.938708714,27.939864373,-0.001155659,1.699104596,1.723334154
603,20.100000000,190.227673,212.979874,27.996387962,27.996932291,-0.000544329,1.676801278,1.700558394
604,20.133333333,187.999367,221.294750,28.051277580,28.053223152,-0.001945571,1.656849275,1.676722463
605,20.166666667,186.642767,229.968553,28.107261772,28.108702809,-0.001441037,1.634632543,1.651898448
606,20.200000000,185.163148,238.407550,28.161919632,28.163339569,-0.001419937,1.608959251,1.626161423
607,20.233333333,184.571338,246.707071,28.214996801,28.217104290,-0.002107489,1.583012794,1.599589226
608,20.266666667,184.503086,254.717901,28.266141580,28.269970463,-0.003828884,1.556663729,1.572262218
609,20.300000000,184.431002,262.943289,28.318651359,28.321914302,-0.003262942,1.531010989,1.544263045
610,20.333333333,185.087121,271.142677,28.371152900,28.372914805,-0.001761905,1.503473577,1.515676385
611,20.366666667,186.046806,278.991777,28.421637981,28.422953826,-0.001315845,1.477260823,1.486588693
612,20.400000000,187.253909,286.513446,28.470254472,28.472016128,-0.001761656,1.449858286,1.457087938
613,20.433333333,188.959119,293.601887,28.516783253,28.520089424,-0.003306171,1.420535827,1.427263340
614,20.466666667,190.814956,300.744613,28.563890411,28.567164421,-0.003274010,1.393552406,1.397205098
615,20.500000000,193.241490,307.994220,28.612688304,28.613234844,-0.000546540,1.365481451,1.367004116
616,20.533333333,195.998728,314.291985,28.656571954,28.658297457,-0.001725503,1.336733773,1.336751732
617,20.566666667,198.308974,320.682692,28.699933643,28.702352072,-0.002418428,1.308562791,1.306539439
618,20.600000000,201.176507,326.656212,28.742231869,28.745401547,-0.003169678,1.281329286,1.276458606
619,20.633333333,204.300781,332.447266,28.784241195,28.787451784,-0.003210589,1.253121318,1.246600208
620,20.666666667,207.570717,338.110903,28.825991991,28.828511703,-0.002519712,1.223266982,1.217054546
621,20.700000000,211.060606,343.232529,28.865559679,28.868593222,-0.003033542,1.194177900,1.187910975
622,20.733333333,214.859316,348.294677,28.906007039,28.907711216,-0.001704177,1.168381026,1.159257633
623,20.766666667,218.185185,352.956685,28.942611369,28.945883474,-0.003272106,1.143855531,1.131181178
624,20.800000000,222.117939,357.543762,28.981235465,28.983130648,-0.001895183,1.118093881,1.103766520
625,20.833333333,225.698352,361.931559,29.017403446,29.019476184,-0.002072739,1.091074498,1.077096571
626,20.866666667,229.624687,365.843985,29.052809938,29.054946258,-0.002136320,1.064934069,1.051251987
627,20.900000000,233.428210,369.786211,29.087798749,29.089569690,-0.001770941,1.042007446,1.026310932
628,20.933333333,237.378731,373.190299,29.121105591,29.123377865,-0.002272274,1.020904605,1.002348834
629,20.966666667,241.353574,376.430740,29.153893790,29.156404630,-0.002510840,1.002148831,0.979438162
630,21.000000000,245.120818,379.574349,29.185268994,29.188686196,-0.003417202,0.981565724,0.957648204
631,21.033333333,249.150992,382.498401,29.217109040,29.220261029,-0.003151989,0.960853338,0.937044861
632,21.066666667,253.013011,385.275093,29.247530902,29.251169732,-0.003638830,0.941947882,0.917690443
633,21.100000000,257.141762,388.271392,29.280094988,29.281454921,-0.001359933,0.923648800,0.899643483
634,21.133333333,261.074921,390.311111,29.308340480,29.311161099,-0.002820620,0.908477795,0.882958562
635,21.166666667,264.893536,392.873257,29.337664617,29.340334521,-0.002669904,0.893478517,0.867686139
636,21.200000000,268.929857,394.870267,29.366418394,29.369023051,-0.002604657,0.880198082,0.853872403
637,21.233333333,272.746488,396.798851,29.393749561,29.397276021,-0.003526461,0.870155275,0.841559131
638,21.266666667,276.801541,398.393064,29.421566461,29.425144081,-0.003577619,0.860290835,0.830783561
639,21.300000000,280.814176,400.253512,29.449865498,29.452679042,-0.002813544,0.851965907,0.821578283
640,21.333333333,285.036609,402.228645,29.479615929,29.479933725,-0.000317796,0.845677150,0.813971136
641,21.366666667,288.869269,403.221190,29.504809271,29.506961798,-0.002152527,0.839962347,0.807985126
642,21.400000000,292.899048,404.527619,29.531937073,29.533817616,-0.001880543,0.836239850,0.803638357
643,21.433333333,296.773308,405.970626,29.558356681,29.560556051,-0.002199370,0.831352860,0.800943975
644,21.466666667,300.567925,406.918239,29.583370047,29.587232333,-0.003862286,0.828375570,0.799910128
645,21.500000000,304.927063,408.153551,29.612345700,29.613901880,-0.001556179,0.831391222,0.800539944
646,21.533333333,308.769328,408.738910,29.637163135,29.640620128,-0.003456994,0.834164215,0.802831516
647,21.566666667,313.054534,409.744485,29.665327564,29.667442369,-0.002114805,0.838632962,0.806777916
648,21.600000000,317.378647,410.585351,29.693498508,29.694423579,-0.000925071,0.845386686,0.812367207
649,21.633333333,321.490414,410.865801,29.719813001,29.721618252,-0.001805250,0.851858883,0.819582486
650,21.666666667,325.871169,411.169481,29.747938650,29.749080237,-0.001141588,0.856593948,0.828401933
651,21.700000000,330.098997,411.567669,29.775172144,29.776862577,-0.001690432,0.865859005,0.838798873
652,21.733333333,334.444869,412.068196,29.803153175,29.805017342,-0.001864167,0.879214108,0.850741864
653,21.766666667,338.984036,412.174968,29.832222556,29.833595480,-0.001372923,0.890975520,0.864194787
654,21.800000000,343.211490,412.089646,29.859297337,29.862646654,-0.003349318,0.906137545,0.879116955
655,21.833333333,347.828018,412.027517,29.888863929,29.892219102,-0.003355172,0.921217023,0.895463240
656,21.866666667,352.843321,411.617978,29.921088879,29.922359480,-0.001270601,0.937178382,0.913184206
657,21.900000000,357.462585,411.176871,29.950824035,29.953112729,-0.002288694,0.956807744,0.932226258
658,21.933333333,362.522642,410.629560,29.983430067,29.984521937,-0.001091870,0.974686697,0.952531808
659,21.966666667,367.443831,409.776550,30.015427316,30.016628207,-0.001200892,0.994766742,0.974039446
660,22.000000000,372.501916,408.675607,30.048607080,30.049470535,-0.000863455,1.016314674,0.996684126
661,22.033333333,377.299383,407.627778,30.080105874,30.083085690,-0.002979816,1.038692406,1.020397364
662,22.066666667,382.844916,406.382239,30.116521933,30.117508103,-0.000986171,1.062462736,1.045107444
663,22.100000000,388.038657,404.896071,30.151124162,30.152769766,-0.001645604,1.086908348,1.070739634
664,22.133333333,393.265166,403.093809,30.186535320,30.188900131,-0.002364811,1.112975185,1.097216416
665,22.166666667,398.631219,400.855721,30.223783971,30.225926023,-0.002142052,1.139802257,1.124457716
666,22.200000000,403.972905,398.347826,30.261635608,30.263871559,-0.002235950,1.164747752,1.152381147
667,22.233333333,409.573257,396.237364,30.299922961,30.302758074,-0.002835113,1.192101368,1.180902261
668,22.266666667,415.325353,393.037446,30.342098579,30.342604059,-0.000505480,1.219664902,1.209934801
669,22.300000000,420.708010,390.138889,30.381288869,30.383425102,-0.002136233,1.246872620,1.239390964
670,22.333333333,426.316602,386.344273,30.424696080,30.425233841,-0.000537761,1.275045620,1.269181666
671,22.366666667,431.689549,382.826840,30.465896115,30.468039929,-0.002143814,1.302890784,1.299216810
672,22.400000000,437.399505,378.618429,30.511384048,30.511850002,-0.000465954,1.333287558,1.329405561
673,22.433333333,442.675032,374.469112,30.554389103,30.556667659,-0.002278556,1.362074058,1.359656620
674,22.466666667,448.077213,369.218456,30.602658316,30.602493452,0.000164864,1.389522808,1.389878497
675,22.500000000,453.016667,364.380128,30.647026836,30.649324885,-0.002298049,1.419232536,1.419979793
676,22.533333333,458.314779,358.699936,30.696857590,30.697156420,-0.000298830,1.449705386,1.449869472
677,22.566666667,462.847405,352.968105,30.743742071,30.745979494,-0.002237423,1.477063853,1.479457139
678,22.600000000,468.009988,346.446317,30.797112757,30.795782546,0.001330212,1.501920313,1.508653311
679,22.633333333,472.201980,340.328713,30.844672207,30.846551050,-0.001878843,1.528798317,1.537369691
680,22.666666667,476.501880,332.886591,30.899806844,30.898267562,0.001539282,1.557691206,1.565519431
681,22.700000000,480.260897,326.151282,30.949291419,30.950911769,-0.001620350,1.584659363,1.593017399
682,22.733333333,483.815855,318.490012,31.003468633,31.004460555,-0.000991922,1.609825460,1.619780431
683,22.766666667,487.000640,310.316699,31.059761755,31.058888065,0.000873690,1.634433446,1.645727589
684,22.800000000,490.029126,302.286084,31.114788021,31.114165789,0.000622232,1.657659942,1.670780400
685,22.833333333,492.157552,294.230469,31.168203392,31.170262645,-0.002059253,1.680438693,1.694863097
686,22.866666667,494.166354,284.962477,31.229041449,31.227145073,0.001896376,1.702228859,1.717902847
687,22.900000000,495.640202,276.211090,31.285965670,31.284777138,0.001188532,1.722934239,1.739829970
688,22.933333333,496.296366,267.270050,31.343482294,31.343120637,0.000361657,1.742356880,1.760578152
689,22.966666667,496.802348,258.290280,31.401227685,31.402135217,-0.000907532,1.760333141,1.780084645
690,23.000000000,496.621013,248.750469,31.462477407,31.461778493,0.000698914,1.777515511,1.798290454
691,23.033333333,496.030361,239.136622,31.524275230,31.522006182,0.002269048,1.794823383,1.815140520
692,23.066666667,494.554938,229.812963,31.584840073,31.582772230,0.002067843,1.811682198,1.830583884
693,23.100000000,492.874275,220.396518,31.646195733,31.644028957,0.002166777,1.822984970,1.844573839
694,23.133333333,490.423476,211.107652,31.707784241,31.705727198,0.002057043,1.832560965,1.857068076
695,23.166666667,487.412313,201.880597,31.769987096,31.767816454,0.002170642,1.845173992,1.868028809
696,23.200000000,483.498756,192.980721,31.832312226,31.830245043,0.002067183,1.854392524,1.877422888
697,23.233333333,479.203669,184.266287,31.894692604,31.892960255,0.001732348,1.859298903,1.885221904
698,23.266666667,474.556564,175.562613,31.958014993,31.955908516,0.002106476,1.865166126,1.891402270
699,23.300000000,469.332099,167.027778,32.022139468,32.019035546,0.003103922,1.870625672,1.895945294
700,23.333333333,463.647207,159.193974,32.084111894,32.082286522,0.001825372,1.872998846,1.898837237
701,23.366666667,457.246753,151.346939,32.148888873,32.145606250,0.003282622,1.871045694,1.900069353
702,23.400000000,450.050544,144.381318,32.212962127,32.208939327,0.004022801,1.869551135,1.899637916
703,23.433333333,443.003731,137.462687,32.276153001,32.272230307,0.003922694,1.867333898,1.897544230
704,23.466666667,435.164542,131.479053,32.339256345,32.335423874,0.003832471,1.863362919,1.893794628
705,23.500000000,427.345127,125.874612,32.400878783,32.398465007,0.002413776,1.859486639,1.888400448
706,23.533333333,418.845513,120.469872,32.465356220,32.461299144,0.004057076,1.854347804,1.881378006
707,23.566666667,410.291202,115.680917,32.528038155,32.523872350,0.004165805,1.845546478,1.872748539
708,23.600000000,401.529963,111.519975,32.589987429,32.586131479,0.003855950,1.834623217,1.862538144
709,23.633333333,392.552399,108.402146,32.650693111,32.648024335,0.002668776,1.823074074,1.850777702
710,23.666666667,383.359453,105.193408,32.712892808,32.709499830,0.003392979,1.812489190,1.837502780
711,23.700000000,374.198249,103.031270,32.773010668,32.770508137,0.002502531,1.801438232,1.822753524
712,23.733333333,364.959350,101.158224,32.833205940,32.831000844,0.002205096,1.788886683,1.806574541
713,23.766666667,355.592097,100.292543,32.893280951,32.890931096,0.002349855,1.777468065,1.789014762
714,23.800000000,346.433148,99.490450,32.952022312,32.950253741,0.001768571,1.766742242,1.770127292
715,23.833333333,337.250308,99.420049,33.010665749,33.008925463,0.001740286,1.757136729,1.749969253
716,23.866666667,327.899065,99.775701,33.070386883,33.066904917,0.003481966,1.746549721,1.728601609
717,23.900000000,318.943609,100.917920,33.127999365,33.124152847,0.003846517,1.735205930,1.706088982
718,23.933333333,310.519665,102.522888,33.182770534,33.180632215,0.002138318,1.725667970,1.682499458
719,23.966666667,301.958493,104.169860,33.238409566,33.236308304,0.002101262,1.717541618,1.657904377
